,id,Microconstituent
0,Micrograph 1,pearlite
1,Micrograph 2,spheroidite
2,Micrograph 3,quality
3,Micrograph 4,pearlite+spheroidite
4,Micrograph 5,pearlite
5,Micrograph 6,spheroidite
6,Micrograph 7,spheroidite+widmanstatten
7,Micrograph 8,network
8,Micrograph 9,network
9,Micrograph 10,spheroidite
10,Micrograph 11,spheroidite
11,Micrograph 12,pearlite+spheroidite
12,Micrograph 13,network
13,Micrograph 14,network
14,Micrograph 15,pearlite+spheroidite
15,Micrograph 16,None
16,Micrograph 17,quality
17,Micrograph 18,network
18,Micrograph 19,crack
19,Micrograph 20,martensite
20,Micrograph 21,network
21,Micrograph 22,None
22,Micrograph 23,figure
23,Micrograph 24,network
24,Micrograph 25,hole
25,Micrograph 26,spheroidite+widmanstatten
26,Micrograph 27,None
27,Micrograph 28,network
28,Micrograph 29,spheroidite
29,Micrograph 30,spheroidite
30,Micrograph 31,network
31,Micrograph 32,spheroidite
32,Micrograph 33,network
33,Micrograph 34,None
34,Micrograph 35,network
35,Micrograph 36,network
36,Micrograph 37,spheroidite+widmanstatten
37,Micrograph 38,indent
38,Micrograph 39,spheroidite
39,Micrograph 40,sample
40,Micrograph 41,martensite
41,Micrograph 42,network
42,Micrograph 43,figure
43,Micrograph 44,martensite
44,Micrograph 45,figure
45,Micrograph 46,network
46,Micrograph 47,network
47,Micrograph 48,spheroidite
48,Micrograph 49,spheroidite
49,Micrograph 50,quality
50,Micrograph 51,network
51,Micrograph 52,pearlite
52,Micrograph 53,spheroidite
53,Micrograph 54,None
54,Micrograph 55,sample
55,Micrograph 56,None
56,Micrograph 57,crack
57,Micrograph 58,spheroidite+widmanstatten
58,Micrograph 59,pearlite
59,Micrograph 60,network
60,Micrograph 61,indent
61,Micrograph 62,pearlite+spheroidite
62,Micrograph 63,None
63,Micrograph 64,None
64,Micrograph 65,network
65,Micrograph 66,quality
66,Micrograph 67,spheroidite
67,Micrograph 68,spheroidite
68,Micrograph 69,spheroidite
69,Micrograph 70,network
70,Micrograph 71,pearlite+spheroidite
71,Micrograph 72,network
72,Micrograph 73,None
73,Micrograph 74,pearlite
74,Micrograph 75,spheroidite
75,Micrograph 76,spheroidite
76,Micrograph 77,sample
77,Micrograph 78,None
78,Micrograph 79,sample
79,Micrograph 80,network
80,Micrograph 81,None
81,Micrograph 82,spheroidite
82,Micrograph 83,None
83,Micrograph 84,crack
84,Micrograph 85,None
85,Micrograph 86,network
86,Micrograph 87,hole
87,Micrograph 88,network
88,Micrograph 89,network
89,Micrograph 90,spheroidite
90,Micrograph 91,pearlite
91,Micrograph 92,None
92,Micrograph 93,quality
93,Micrograph 94,sample
94,Micrograph 95,network
95,Micrograph 96,sample
96,Micrograph 97,network
97,Micrograph 98,spheroidite
98,Micrograph 99,martensite
99,Micrograph 100,quality
100,Micrograph 101,None
101,Micrograph 102,quality
102,Micrograph 103,None
103,Micrograph 104,spheroidite
104,Micrograph 105,crack
105,Micrograph 106,spheroidite
106,Micrograph 107,spheroidite
107,Micrograph 108,crack
108,Micrograph 109,pearlite+spheroidite
109,Micrograph 110,quality
110,Micrograph 111,pearlite+spheroidite
111,Micrograph 112,network
112,Micrograph 113,network
113,Micrograph 114,martensite
114,Micrograph 115,None
115,Micrograph 116,None
116,Micrograph 117,hole
117,Micrograph 118,None
118,Micrograph 119,pearlite+spheroidite
119,Micrograph 120,None
120,Micrograph 121,pearlite
121,Micrograph 122,spheroidite
122,Micrograph 123,indent
123,Micrograph 124,spheroidite
124,Micrograph 125,None
125,Micrograph 126,pearlite
126,Micrograph 127,network
127,Micrograph 128,network
128,Micrograph 129,crack
129,Micrograph 130,pearlite
130,Micrograph 131,pearlite+spheroidite
131,Micrograph 132,None
132,Micrograph 133,network
133,Micrograph 134,hole
134,Micrograph 135,spheroidite
135,Micrograph 136,None
136,Micrograph 137,pearlite+spheroidite
137,Micrograph 138,spheroidite
138,Micrograph 139,hole
139,Micrograph 140,indent
140,Micrograph 141,quality
141,Micrograph 142,None
142,Micrograph 143,None
143,Micrograph 144,None
144,Micrograph 145,indent
145,Micrograph 146,None
146,Micrograph 147,indent
147,Micrograph 148,spheroidite
148,Micrograph 149,hole
149,Micrograph 150,network
150,Micrograph 151,None
151,Micrograph 152,spheroidite
152,Micrograph 153,sample
153,Micrograph 154,spheroidite
154,Micrograph 155,None
155,Micrograph 156,spheroidite
156,Micrograph 157,network
157,Micrograph 158,None
158,Micrograph 159,None
159,Micrograph 160,spheroidite
160,Micrograph 161,spheroidite
161,Micrograph 162,spheroidite
162,Micrograph 163,None
163,Micrograph 164,None
164,Micrograph 165,None
165,Micrograph 166,pearlite+spheroidite
166,Micrograph 167,None
167,Micrograph 168,martensite
168,Micrograph 169,spheroidite
169,Micrograph 170,spheroidite
170,Micrograph 171,spheroidite
171,Micrograph 172,spheroidite
172,Micrograph 173,network
173,Micrograph 174,None
174,Micrograph 175,None
175,Micrograph 176,pearlite
176,Micrograph 177,spheroidite
177,Micrograph 178,spheroidite
178,Micrograph 179,sample
179,Micrograph 180,pearlite
180,Micrograph 181,figure
181,Micrograph 182,figure
182,Micrograph 183,indent
183,Micrograph 184,spheroidite
184,Micrograph 185,spheroidite
185,Micrograph 186,pearlite+spheroidite
186,Micrograph 187,None
187,Micrograph 188,network
188,Micrograph 189,network
189,Micrograph 190,None
190,Micrograph 191,spheroidite+widmanstatten
191,Micrograph 192,spheroidite
192,Micrograph 193,pearlite+spheroidite
193,Micrograph 194,pearlite
194,Micrograph 195,spheroidite
195,Micrograph 196,spheroidite
196,Micrograph 197,indent
197,Micrograph 198,pearlite
198,Micrograph 199,None
199,Micrograph 200,spheroidite+widmanstatten
200,Micrograph 201,pearlite+spheroidite
201,Micrograph 202,spheroidite
202,Micrograph 203,indent
203,Micrograph 204,network
204,Micrograph 205,spheroidite
205,Micrograph 206,None
206,Micrograph 207,hole
207,Micrograph 208,hole
208,Micrograph 209,spheroidite
209,Micrograph 210,spheroidite
210,Micrograph 211,pearlite+spheroidite
211,Micrograph 212,pearlite
212,Micrograph 213,None
213,Micrograph 214,spheroidite+widmanstatten
214,Micrograph 215,None
215,Micrograph 216,None
216,Micrograph 217,quality
217,Micrograph 218,pearlite
218,Micrograph 219,sample
219,Micrograph 220,spheroidite
220,Micrograph 221,spheroidite+widmanstatten
221,Micrograph 222,spheroidite+widmanstatten
222,Micrograph 223,spheroidite
223,Micrograph 224,pearlite+spheroidite
224,Micrograph 225,indent
225,Micrograph 226,hole
226,Micrograph 227,crack
227,Micrograph 228,None
228,Micrograph 229,network
229,Micrograph 230,crack
230,Micrograph 231,spheroidite
231,Micrograph 232,None
232,Micrograph 233,spheroidite+widmanstatten
233,Micrograph 234,spheroidite
234,Micrograph 235,spheroidite
235,Micrograph 236,None
236,Micrograph 237,spheroidite
237,Micrograph 238,quality
238,Micrograph 239,None
239,Micrograph 240,crack
240,Micrograph 241,None
241,Micrograph 242,network
242,Micrograph 243,spheroidite
243,Micrograph 244,indent
244,Micrograph 245,pearlite+spheroidite
245,Micrograph 246,sample
246,Micrograph 247,pearlite
247,Micrograph 248,spheroidite
248,Micrograph 249,quality
249,Micrograph 250,None
250,Micrograph 251,network
251,Micrograph 252,pearlite
252,Micrograph 253,network
253,Micrograph 254,None
254,Micrograph 255,network
255,Micrograph 256,None
256,Micrograph 257,spheroidite
257,Micrograph 258,quality
258,Micrograph 259,crack
259,Micrograph 260,quality
260,Micrograph 261,spheroidite
261,Micrograph 262,None
262,Micrograph 263,quality
263,Micrograph 264,quality
264,Micrograph 265,spheroidite
265,Micrograph 266,quality
266,Micrograph 267,sample
267,Micrograph 268,crack
268,Micrograph 269,network
269,Micrograph 270,sample
270,Micrograph 271,spheroidite
271,Micrograph 272,spheroidite
272,Micrograph 273,pearlite
273,Micrograph 274,hole
274,Micrograph 275,quality
275,Micrograph 276,quality
276,Micrograph 277,None
277,Micrograph 278,quality
278,Micrograph 279,quality
279,Micrograph 280,network
280,Micrograph 281,crack
281,Micrograph 282,None
282,Micrograph 283,spheroidite
283,Micrograph 284,pearlite
284,Micrograph 285,network
285,Micrograph 286,spheroidite
286,Micrograph 287,None
287,Micrograph 288,pearlite+spheroidite
288,Micrograph 289,None
289,Micrograph 290,sample
290,Micrograph 291,quality
291,Micrograph 292,None
292,Micrograph 293,sample
293,Micrograph 294,None
294,Micrograph 295,spheroidite+widmanstatten
295,Micrograph 296,spheroidite
296,Micrograph 297,network
297,Micrograph 298,quality
298,Micrograph 299,None
299,Micrograph 300,quality
300,Micrograph 301,network
301,Micrograph 302,hole
302,Micrograph 303,None
303,Micrograph 304,quality
304,Micrograph 305,network
305,Micrograph 306,network
306,Micrograph 307,quality
307,Micrograph 308,spheroidite
308,Micrograph 309,pearlite
309,Micrograph 310,hole
310,Micrograph 311,spheroidite
311,Micrograph 312,spheroidite
312,Micrograph 313,spheroidite+widmanstatten
313,Micrograph 314,spheroidite+widmanstatten
314,Micrograph 315,sample
315,Micrograph 316,network
316,Micrograph 317,sample
317,Micrograph 318,spheroidite
318,Micrograph 319,spheroidite
319,Micrograph 320,hole
320,Micrograph 321,spheroidite
321,Micrograph 322,pearlite
322,Micrograph 323,crack
323,Micrograph 324,hole
324,Micrograph 325,pearlite
325,Micrograph 326,spheroidite
326,Micrograph 327,quality
327,Micrograph 328,crack
328,Micrograph 329,pearlite
329,Micrograph 330,spheroidite
330,Micrograph 331,sample
331,Micrograph 332,crack
332,Micrograph 333,spheroidite+widmanstatten
333,Micrograph 334,None
334,Micrograph 335,None
335,Micrograph 336,None
336,Micrograph 337,spheroidite
337,Micrograph 338,hole
338,Micrograph 339,None
339,Micrograph 340,sample
340,Micrograph 341,sample
341,Micrograph 342,pearlite+spheroidite
342,Micrograph 343,network
343,Micrograph 344,hole
344,Micrograph 345,martensite
345,Micrograph 346,pearlite+widmanstatten
346,Micrograph 347,network
347,Micrograph 348,sample
348,Micrograph 349,pearlite
349,Micrograph 350,crack
350,Micrograph 351,spheroidite
351,Micrograph 352,spheroidite
352,Micrograph 353,pearlite
353,Micrograph 354,spheroidite+widmanstatten
354,Micrograph 355,None
355,Micrograph 356,crack
356,Micrograph 357,spheroidite
357,Micrograph 358,quality
358,Micrograph 359,spheroidite+widmanstatten
359,Micrograph 360,spheroidite
360,Micrograph 361,crack
361,Micrograph 362,sample
362,Micrograph 363,spheroidite
363,Micrograph 364,spheroidite
364,Micrograph 365,None
365,Micrograph 366,martensite
366,Micrograph 367,spheroidite
367,Micrograph 368,network
368,Micrograph 369,spheroidite
369,Micrograph 370,None
370,Micrograph 371,network
371,Micrograph 372,crack
372,Micrograph 373,spheroidite
373,Micrograph 374,None
374,Micrograph 375,spheroidite
375,Micrograph 376,spheroidite
376,Micrograph 377,sample
377,Micrograph 378,None
378,Micrograph 379,quality
379,Micrograph 380,pearlite+spheroidite
380,Micrograph 381,martensite
381,Micrograph 382,spheroidite
382,Micrograph 383,network
383,Micrograph 384,network
384,Micrograph 385,None
385,Micrograph 386,spheroidite
386,Micrograph 387,pearlite
387,Micrograph 388,spheroidite
388,Micrograph 389,None
389,Micrograph 390,None
390,Micrograph 391,spheroidite
391,Micrograph 392,pearlite
392,Micrograph 393,quality
393,Micrograph 394,None
394,Micrograph 395,quality
395,Micrograph 396,network
396,Micrograph 397,pearlite
397,Micrograph 398,spheroidite
398,Micrograph 399,crack
399,Micrograph 400,quality
400,Micrograph 401,pearlite
401,Micrograph 402,spheroidite
402,Micrograph 403,network
403,Micrograph 404,pearlite+spheroidite
404,Micrograph 405,indent
405,Micrograph 406,spheroidite
406,Micrograph 407,spheroidite
407,Micrograph 408,spheroidite
408,Micrograph 409,crack
409,Micrograph 410,indent
410,Micrograph 411,spheroidite
411,Micrograph 412,crack
412,Micrograph 413,indent
413,Micrograph 414,quality
414,Micrograph 415,None
415,Micrograph 416,None
416,Micrograph 417,crack
417,Micrograph 418,spheroidite
418,Micrograph 419,spheroidite
419,Micrograph 420,crack
420,Micrograph 421,network
421,Micrograph 422,spheroidite
422,Micrograph 423,quality
423,Micrograph 424,None
424,Micrograph 425,quality
425,Micrograph 426,None
426,Micrograph 427,spheroidite
427,Micrograph 428,None
428,Micrograph 429,crack
429,Micrograph 430,spheroidite
430,Micrograph 431,pearlite+spheroidite
431,Micrograph 432,hole
432,Micrograph 433,spheroidite+widmanstatten
433,Micrograph 434,None
434,Micrograph 435,spheroidite
435,Micrograph 436,spheroidite
436,Micrograph 437,spheroidite
437,Micrograph 438,quality
438,Micrograph 439,crack
439,Micrograph 440,spheroidite
440,Micrograph 441,network
441,Micrograph 442,spheroidite
442,Micrograph 443,spheroidite
443,Micrograph 444,None
444,Micrograph 445,sample
445,Micrograph 446,None
446,Micrograph 447,network
447,Micrograph 448,None
448,Micrograph 449,spheroidite
449,Micrograph 450,None
450,Micrograph 451,spheroidite
451,Micrograph 452,spheroidite
452,Micrograph 453,pearlite+spheroidite
453,Micrograph 454,network
454,Micrograph 455,None
455,Micrograph 456,crack
456,Micrograph 457,spheroidite
457,Micrograph 458,spheroidite
458,Micrograph 459,martensite
459,Micrograph 460,None
460,Micrograph 461,None
461,Micrograph 462,indent
462,Micrograph 463,spheroidite
463,Micrograph 464,spheroidite
464,Micrograph 465,spheroidite
465,Micrograph 466,pearlite+spheroidite
466,Micrograph 467,None
467,Micrograph 468,spheroidite
468,Micrograph 469,quality
469,Micrograph 470,spheroidite
470,Micrograph 471,spheroidite+widmanstatten
471,Micrograph 472,spheroidite
472,Micrograph 473,quality
473,Micrograph 474,spheroidite
474,Micrograph 475,spheroidite+widmanstatten
475,Micrograph 476,indent
476,Micrograph 477,spheroidite+widmanstatten
477,Micrograph 478,hole
478,Micrograph 479,pearlite
479,Micrograph 480,network
480,Micrograph 481,pearlite+spheroidite
481,Micrograph 482,sample
482,Micrograph 483,pearlite+spheroidite
483,Micrograph 484,network
484,Micrograph 485,figure
485,Micrograph 486,spheroidite
486,Micrograph 487,pearlite
487,Micrograph 488,spheroidite+widmanstatten
488,Micrograph 489,spheroidite
489,Micrograph 490,pearlite+widmanstatten
490,Micrograph 491,quality
491,Micrograph 492,martensite
492,Micrograph 493,spheroidite
493,Micrograph 494,sample
494,Micrograph 495,spheroidite
495,Micrograph 496,pearlite+widmanstatten
496,Micrograph 497,None
497,Micrograph 498,None
498,Micrograph 499,pearlite+spheroidite
499,Micrograph 500,network
500,Micrograph 501,pearlite
501,Micrograph 502,martensite
502,Micrograph 503,sample
503,Micrograph 504,None
504,Micrograph 505,indent
505,Micrograph 506,None
506,Micrograph 507,spheroidite+widmanstatten
507,Micrograph 508,None
508,Micrograph 509,None
509,Micrograph 510,None
510,Micrograph 511,None
511,Micrograph 512,spheroidite
512,Micrograph 513,crack
513,Micrograph 514,network
514,Micrograph 515,pearlite+spheroidite
515,Micrograph 516,quality
516,Micrograph 517,spheroidite
517,Micrograph 518,network
518,Micrograph 519,indent
519,Micrograph 520,network
520,Micrograph 521,quality
521,Micrograph 522,pearlite+spheroidite
522,Micrograph 523,pearlite+widmanstatten
523,Micrograph 524,spheroidite
524,Micrograph 525,indent
525,Micrograph 526,None
526,Micrograph 527,hole
527,Micrograph 528,network
528,Micrograph 529,None
529,Micrograph 530,spheroidite
530,Micrograph 531,hole
531,Micrograph 532,pearlite+spheroidite
532,Micrograph 533,None
533,Micrograph 534,spheroidite
534,Micrograph 535,pearlite
535,Micrograph 536,spheroidite
536,Micrograph 537,network
537,Micrograph 538,None
538,Micrograph 539,None
539,Micrograph 540,hole
540,Micrograph 541,pearlite+spheroidite
541,Micrograph 542,sample
542,Micrograph 543,spheroidite
543,Micrograph 544,pearlite+spheroidite
544,Micrograph 545,network
545,Micrograph 546,network
546,Micrograph 547,None
547,Micrograph 548,spheroidite
548,Micrograph 549,indent
549,Micrograph 550,sample
550,Micrograph 551,spheroidite+widmanstatten
551,Micrograph 552,None
552,Micrograph 553,pearlite+widmanstatten
553,Micrograph 554,pearlite
554,Micrograph 555,spheroidite
555,Micrograph 556,crack
556,Micrograph 557,hole
557,Micrograph 558,spheroidite
558,Micrograph 559,sample
559,Micrograph 560,None
560,Micrograph 561,spheroidite
561,Micrograph 562,sample
562,Micrograph 563,quality
563,Micrograph 564,quality
564,Micrograph 565,spheroidite
565,Micrograph 566,spheroidite
566,Micrograph 567,pearlite+spheroidite
567,Micrograph 568,spheroidite
568,Micrograph 569,spheroidite
569,Micrograph 570,hole
570,Micrograph 571,None
571,Micrograph 572,pearlite+spheroidite
572,Micrograph 573,spheroidite
573,Micrograph 574,quality
574,Micrograph 575,None
575,Micrograph 576,pearlite+spheroidite
576,Micrograph 577,indent
577,Micrograph 578,sample
578,Micrograph 579,spheroidite+widmanstatten
579,Micrograph 580,hole
580,Micrograph 581,quality
581,Micrograph 582,indent
582,Micrograph 583,hole
583,Micrograph 584,network
584,Micrograph 585,crack
585,Micrograph 586,spheroidite+widmanstatten
586,Micrograph 587,crack
587,Micrograph 588,crack
588,Micrograph 589,spheroidite
589,Micrograph 590,quality
590,Micrograph 591,quality
591,Micrograph 592,network
592,Micrograph 593,None
593,Micrograph 594,spheroidite
594,Micrograph 595,None
595,Micrograph 596,spheroidite
596,Micrograph 597,network
597,Micrograph 598,spheroidite
598,Micrograph 599,spheroidite+widmanstatten
599,Micrograph 600,None
600,Micrograph 601,spheroidite
601,Micrograph 602,pearlite+spheroidite
602,Micrograph 603,crack
603,Micrograph 604,pearlite
604,Micrograph 605,quality
605,Micrograph 606,None
606,Micrograph 607,spheroidite
607,Micrograph 608,network
608,Micrograph 609,pearlite+spheroidite
609,Micrograph 610,network
610,Micrograph 611,spheroidite
611,Micrograph 612,None
612,Micrograph 613,crack
613,Micrograph 614,None
614,Micrograph 615,network
615,Micrograph 616,spheroidite
616,Micrograph 617,crack
617,Micrograph 618,quality
618,Micrograph 619,None
619,Micrograph 620,None
620,Micrograph 621,None
621,Micrograph 622,crack
622,Micrograph 623,crack
623,Micrograph 624,None
624,Micrograph 625,network
625,Micrograph 626,network
626,Micrograph 627,None
627,Micrograph 628,spheroidite+widmanstatten
628,Micrograph 629,None
629,Micrograph 630,indent
630,Micrograph 631,quality
631,Micrograph 632,spheroidite
632,Micrograph 633,spheroidite
633,Micrograph 634,hole
634,Micrograph 635,sample
635,Micrograph 636,None
636,Micrograph 637,pearlite+spheroidite
637,Micrograph 638,None
638,Micrograph 639,spheroidite
639,Micrograph 640,spheroidite+widmanstatten
640,Micrograph 641,spheroidite
641,Micrograph 642,network
642,Micrograph 643,spheroidite+widmanstatten
643,Micrograph 644,pearlite+spheroidite
644,Micrograph 645,sample
645,Micrograph 646,network
646,Micrograph 647,None
647,Micrograph 648,pearlite+spheroidite
648,Micrograph 649,network
649,Micrograph 650,spheroidite+widmanstatten
650,Micrograph 651,crack
651,Micrograph 652,pearlite
652,Micrograph 653,None
653,Micrograph 654,quality
654,Micrograph 655,spheroidite
655,Micrograph 656,pearlite+spheroidite
656,Micrograph 657,quality
657,Micrograph 658,hole
658,Micrograph 659,network
659,Micrograph 660,pearlite+spheroidite
660,Micrograph 661,quality
661,Micrograph 662,quality
662,Micrograph 663,indent
663,Micrograph 664,spheroidite
664,Micrograph 665,sample
665,Micrograph 666,quality
666,Micrograph 667,None
667,Micrograph 668,None
668,Micrograph 669,None
669,Micrograph 670,spheroidite
670,Micrograph 671,spheroidite
671,Micrograph 672,pearlite+spheroidite
672,Micrograph 673,indent
673,Micrograph 674,quality
674,Micrograph 675,quality
675,Micrograph 676,pearlite+spheroidite
676,Micrograph 677,pearlite+spheroidite
677,Micrograph 678,spheroidite
678,Micrograph 679,spheroidite
679,Micrograph 680,quality
680,Micrograph 681,spheroidite
681,Micrograph 682,network
682,Micrograph 683,spheroidite
683,Micrograph 684,spheroidite
684,Micrograph 685,spheroidite
685,Micrograph 686,None
686,Micrograph 687,network
687,Micrograph 688,quality
688,Micrograph 689,spheroidite
689,Micrograph 690,network
690,Micrograph 691,pearlite
691,Micrograph 692,None
692,Micrograph 693,None
693,Micrograph 694,spheroidite
694,Micrograph 695,figure
695,Micrograph 696,None
696,Micrograph 697,None
697,Micrograph 698,None
698,Micrograph 699,spheroidite
699,Micrograph 700,quality
700,Micrograph 701,None
701,Micrograph 702,network
702,Micrograph 703,sample
703,Micrograph 704,pearlite+spheroidite
704,Micrograph 705,spheroidite
705,Micrograph 706,pearlite
706,Micrograph 707,spheroidite+widmanstatten
707,Micrograph 708,spheroidite
708,Micrograph 709,quality
709,Micrograph 710,spheroidite+widmanstatten
710,Micrograph 711,quality
711,Micrograph 712,crack
712,Micrograph 713,sample
713,Micrograph 714,spheroidite
714,Micrograph 715,None
715,Micrograph 716,pearlite+spheroidite
716,Micrograph 717,spheroidite+widmanstatten
717,Micrograph 718,spheroidite
718,Micrograph 719,indent
719,Micrograph 720,quality
720,Micrograph 721,network
721,Micrograph 722,indent
722,Micrograph 723,indent
723,Micrograph 724,None
724,Micrograph 725,pearlite
725,Micrograph 726,None
726,Micrograph 727,pearlite+spheroidite
727,Micrograph 728,network
728,Micrograph 729,quality
729,Micrograph 730,None
730,Micrograph 731,quality
731,Micrograph 732,network
732,Micrograph 733,None
733,Micrograph 734,spheroidite
734,Micrograph 735,crack
735,Micrograph 736,spheroidite
736,Micrograph 737,network
737,Micrograph 738,network
738,Micrograph 739,quality
739,Micrograph 740,quality
740,Micrograph 741,network
741,Micrograph 742,pearlite+spheroidite
742,Micrograph 743,quality
743,Micrograph 744,pearlite
744,Micrograph 745,spheroidite
745,Micrograph 746,spheroidite
746,Micrograph 747,spheroidite
747,Micrograph 748,crack
748,Micrograph 749,pearlite+spheroidite
749,Micrograph 750,crack
750,Micrograph 751,None
751,Micrograph 752,None
752,Micrograph 753,pearlite+widmanstatten
753,Micrograph 754,sample
754,Micrograph 755,network
755,Micrograph 756,spheroidite
756,Micrograph 757,pearlite
757,Micrograph 758,pearlite+spheroidite
758,Micrograph 759,quality
759,Micrograph 760,quality
760,Micrograph 761,quality
761,Micrograph 762,spheroidite
762,Micrograph 763,quality
763,Micrograph 764,spheroidite
764,Micrograph 765,pearlite+spheroidite
765,Micrograph 766,sample
766,Micrograph 767,quality
767,Micrograph 768,pearlite
768,Micrograph 769,hole
769,Micrograph 770,indent
770,Micrograph 771,pearlite+spheroidite
771,Micrograph 772,spheroidite
772,Micrograph 773,pearlite
773,Micrograph 774,None
774,Micrograph 775,pearlite
775,Micrograph 776,spheroidite
776,Micrograph 777,None
777,Micrograph 778,None
778,Micrograph 779,pearlite+spheroidite
779,Micrograph 780,hole
780,Micrograph 781,quality
781,Micrograph 782,None
782,Micrograph 783,hole
783,Micrograph 784,pearlite
784,Micrograph 785,martensite
785,Micrograph 786,None
786,Micrograph 787,crack
787,Micrograph 788,quality
788,Micrograph 789,crack
789,Micrograph 790,hole
790,Micrograph 791,network
791,Micrograph 792,None
792,Micrograph 793,None
793,Micrograph 794,hole
794,Micrograph 795,network
795,Micrograph 796,pearlite
796,Micrograph 797,None
797,Micrograph 798,pearlite
798,Micrograph 799,network
799,Micrograph 800,None
800,Micrograph 801,None
801,Micrograph 802,None
802,Micrograph 803,pearlite
803,Micrograph 804,sample
804,Micrograph 805,network
805,Micrograph 806,network
806,Micrograph 807,network
807,Micrograph 808,pearlite+spheroidite
808,Micrograph 809,crack
809,Micrograph 810,quality
810,Micrograph 811,spheroidite+widmanstatten
811,Micrograph 812,crack
812,Micrograph 813,network
813,Micrograph 814,pearlite
814,Micrograph 815,network
815,Micrograph 816,spheroidite+widmanstatten
816,Micrograph 817,None
817,Micrograph 818,None
818,Micrograph 819,quality
819,Micrograph 820,network
820,Micrograph 821,spheroidite+widmanstatten
821,Micrograph 822,None
822,Micrograph 823,sample
823,Micrograph 824,hole
824,Micrograph 825,pearlite+spheroidite
825,Micrograph 826,None
826,Micrograph 827,quality
827,Micrograph 828,pearlite
828,Micrograph 829,None
829,Micrograph 830,None
830,Micrograph 831,spheroidite
831,Micrograph 832,spheroidite+widmanstatten
832,Micrograph 833,pearlite
833,Micrograph 834,sample
834,Micrograph 835,network
835,Micrograph 836,pearlite+widmanstatten
836,Micrograph 837,None
837,Micrograph 838,None
838,Micrograph 839,sample
839,Micrograph 840,None
840,Micrograph 841,network
841,Micrograph 842,indent
842,Micrograph 843,network
843,Micrograph 844,network
844,Micrograph 845,network
845,Micrograph 846,quality
846,Micrograph 847,network
847,Micrograph 848,hole
848,Micrograph 849,None
849,Micrograph 850,pearlite
850,Micrograph 851,None
851,Micrograph 852,pearlite
852,Micrograph 853,quality
853,Micrograph 854,spheroidite
854,Micrograph 855,network
855,Micrograph 856,quality
856,Micrograph 857,pearlite+widmanstatten
857,Micrograph 858,spheroidite
858,Micrograph 859,spheroidite
859,Micrograph 860,hole
860,Micrograph 861,network
861,Micrograph 862,spheroidite+widmanstatten
862,Micrograph 863,quality
863,Micrograph 864,spheroidite
864,Micrograph 865,network
865,Micrograph 866,pearlite+spheroidite
866,Micrograph 867,spheroidite
867,Micrograph 868,None
868,Micrograph 869,quality
869,Micrograph 870,None
870,Micrograph 871,pearlite+spheroidite
871,Micrograph 872,crack
872,Micrograph 873,spheroidite+widmanstatten
873,Micrograph 874,hole
874,Micrograph 875,pearlite+widmanstatten
875,Micrograph 876,None
876,Micrograph 877,network
877,Micrograph 878,quality
878,Micrograph 879,quality
879,Micrograph 880,pearlite
880,Micrograph 881,spheroidite+widmanstatten
881,Micrograph 882,pearlite+widmanstatten
882,Micrograph 883,spheroidite
883,Micrograph 884,spheroidite+widmanstatten
884,Micrograph 885,spheroidite
885,Micrograph 886,None
886,Micrograph 887,spheroidite
887,Micrograph 888,spheroidite
888,Micrograph 889,spheroidite
889,Micrograph 890,spheroidite+widmanstatten
890,Micrograph 891,pearlite
891,Micrograph 892,quality
892,Micrograph 893,spheroidite+widmanstatten
893,Micrograph 894,spheroidite
894,Micrograph 895,hole
895,Micrograph 896,pearlite
896,Micrograph 897,network
897,Micrograph 898,indent
898,Micrograph 899,None
899,Micrograph 900,None
900,Micrograph 901,None
901,Micrograph 902,None
902,Micrograph 903,indent
903,Micrograph 904,quality
904,Micrograph 905,spheroidite+widmanstatten
905,Micrograph 906,spheroidite
906,Micrograph 907,spheroidite
907,Micrograph 908,pearlite+spheroidite
908,Micrograph 909,network
909,Micrograph 910,pearlite+spheroidite
910,Micrograph 911,pearlite+widmanstatten
911,Micrograph 912,spheroidite
912,Micrograph 913,None
913,Micrograph 914,spheroidite
914,Micrograph 915,spheroidite+widmanstatten
915,Micrograph 916,pearlite+spheroidite
916,Micrograph 917,spheroidite
917,Micrograph 918,spheroidite+widmanstatten
918,Micrograph 919,quality
919,Micrograph 920,pearlite
920,Micrograph 921,network
921,Micrograph 922,pearlite
922,Micrograph 923,indent
923,Micrograph 924,indent
924,Micrograph 925,network
925,Micrograph 926,pearlite+spheroidite
926,Micrograph 927,network
927,Micrograph 928,pearlite
928,Micrograph 929,sample
929,Micrograph 930,crack
930,Micrograph 931,spheroidite
931,Micrograph 932,pearlite+widmanstatten
932,Micrograph 933,spheroidite
933,Micrograph 934,network
934,Micrograph 935,spheroidite+widmanstatten
935,Micrograph 936,spheroidite
936,Micrograph 937,indent
937,Micrograph 938,None
938,Micrograph 939,spheroidite
939,Micrograph 940,sample
940,Micrograph 941,network
941,Micrograph 942,None
942,Micrograph 943,None
943,Micrograph 944,quality
944,Micrograph 945,sample
945,Micrograph 946,None
946,Micrograph 947,spheroidite
947,Micrograph 948,quality
948,Micrograph 949,network
949,Micrograph 950,indent
950,Micrograph 951,martensite
951,Micrograph 952,spheroidite
952,Micrograph 953,pearlite
953,Micrograph 954,martensite
954,Micrograph 955,spheroidite+widmanstatten
955,Micrograph 956,spheroidite
956,Micrograph 957,crack
957,Micrograph 958,quality
958,Micrograph 959,network
959,Micrograph 960,hole
960,Micrograph 961,network
961,Micrograph 962,quality
962,Micrograph 963,martensite
963,Micrograph 964,indent
964,Micrograph 965,network
965,Micrograph 966,sample
966,Micrograph 967,spheroidite+widmanstatten
967,Micrograph 968,network
968,Micrograph 969,hole
969,Micrograph 970,spheroidite
970,Micrograph 971,network
971,Micrograph 972,indent
972,Micrograph 973,network
973,Micrograph 974,spheroidite+widmanstatten
974,Micrograph 975,crack
975,Micrograph 976,sample
976,Micrograph 977,quality
977,Micrograph 978,crack
978,Micrograph 979,hole
979,Micrograph 980,sample
980,Micrograph 981,indent
981,Micrograph 982,quality
982,Micrograph 983,quality
983,Micrograph 984,martensite
984,Micrograph 985,pearlite
985,Micrograph 986,spheroidite
986,Micrograph 987,indent
987,Micrograph 988,crack
988,Micrograph 989,spheroidite+widmanstatten
989,Micrograph 990,spheroidite
990,Micrograph 991,spheroidite
991,Micrograph 992,crack
992,Micrograph 993,None
993,Micrograph 994,pearlite+spheroidite
994,Micrograph 995,spheroidite
995,Micrograph 996,hole
996,Micrograph 997,pearlite+spheroidite
997,Micrograph 998,spheroidite
998,Micrograph 999,network
999,Micrograph 1000,quality
1000,Micrograph 1001,network
1001,Micrograph 1002,quality
1002,Micrograph 1003,spheroidite+widmanstatten
1003,Micrograph 1004,quality
1004,Micrograph 1005,spheroidite+widmanstatten
1005,Micrograph 1006,spheroidite
1006,Micrograph 1007,quality
1007,Micrograph 1008,spheroidite
1008,Micrograph 1009,martensite
1009,Micrograph 1010,network
1010,Micrograph 1011,pearlite
1011,Micrograph 1012,martensite
1012,Micrograph 1013,spheroidite
1013,Micrograph 1014,quality
1014,Micrograph 1015,spheroidite
1015,Micrograph 1016,None
1016,Micrograph 1017,spheroidite
1017,Micrograph 1018,spheroidite
1018,Micrograph 1019,network
1019,Micrograph 1020,spheroidite
1020,Micrograph 1021,None
1021,Micrograph 1022,spheroidite
1022,Micrograph 1023,network
1023,Micrograph 1024,quality
1024,Micrograph 1025,pearlite
1025,Micrograph 1026,network
1026,Micrograph 1027,spheroidite
1027,Micrograph 1028,spheroidite
1028,Micrograph 1029,quality
1029,Micrograph 1030,martensite
1030,Micrograph 1031,spheroidite
1031,Micrograph 1032,spheroidite
1032,Micrograph 1033,pearlite+spheroidite
1033,Micrograph 1034,None
1034,Micrograph 1035,network
1035,Micrograph 1036,quality
1036,Micrograph 1037,None
1037,Micrograph 1038,spheroidite
1038,Micrograph 1039,pearlite
1039,Micrograph 1040,network
1040,Micrograph 1041,quality
1041,Micrograph 1042,crack
1042,Micrograph 1043,None
1043,Micrograph 1044,hole
1044,Micrograph 1045,spheroidite
1045,Micrograph 1046,pearlite+widmanstatten
1046,Micrograph 1047,None
1047,Micrograph 1048,martensite
1048,Micrograph 1049,network
1049,Micrograph 1050,sample
1050,Micrograph 1051,crack
1051,Micrograph 1052,spheroidite
1052,Micrograph 1053,pearlite
1053,Micrograph 1054,spheroidite
1054,Micrograph 1055,martensite
1055,Micrograph 1056,spheroidite
1056,Micrograph 1057,spheroidite+widmanstatten
1057,Micrograph 1058,spheroidite
1058,Micrograph 1059,spheroidite
1059,Micrograph 1060,None
1060,Micrograph 1061,spheroidite
1061,Micrograph 1062,pearlite
1062,Micrograph 1063,spheroidite+widmanstatten
1063,Micrograph 1064,network
1064,Micrograph 1065,None
1065,Micrograph 1066,crack
1066,Micrograph 1067,None
1067,Micrograph 1068,pearlite+spheroidite
1068,Micrograph 1069,sample
1069,Micrograph 1070,quality
1070,Micrograph 1071,None
1071,Micrograph 1072,network
1072,Micrograph 1073,None
1073,Micrograph 1074,None
1074,Micrograph 1075,network
1075,Micrograph 1076,pearlite
1076,Micrograph 1077,network
1077,Micrograph 1078,pearlite+widmanstatten
1078,Micrograph 1079,martensite
1079,Micrograph 1080,network
1080,Micrograph 1081,None
1081,Micrograph 1082,network
1082,Micrograph 1083,pearlite
1083,Micrograph 1084,indent
1084,Micrograph 1085,quality
1085,Micrograph 1086,None
1086,Micrograph 1087,None
1087,Micrograph 1088,sample
1088,Micrograph 1089,sample
1089,Micrograph 1090,None
1090,Micrograph 1091,quality
1091,Micrograph 1092,spheroidite
1092,Micrograph 1093,spheroidite+widmanstatten
1093,Micrograph 1094,spheroidite
1094,Micrograph 1095,None
1095,Micrograph 1096,spheroidite
1096,Micrograph 1097,pearlite+widmanstatten
1097,Micrograph 1098,spheroidite
1098,Micrograph 1099,None
1099,Micrograph 1100,pearlite
1100,Micrograph 1101,pearlite
1101,Micrograph 1102,pearlite
1102,Micrograph 1103,spheroidite
1103,Micrograph 1104,pearlite+widmanstatten
1104,Micrograph 1105,spheroidite
1105,Micrograph 1106,pearlite
1106,Micrograph 1107,None
1107,Micrograph 1108,None
1108,Micrograph 1109,network
1109,Micrograph 1110,crack
1110,Micrograph 1111,network
1111,Micrograph 1112,spheroidite
1112,Micrograph 1113,None
1113,Micrograph 1114,quality
1114,Micrograph 1115,hole
1115,Micrograph 1116,None
1116,Micrograph 1117,spheroidite
1117,Micrograph 1118,hole
1118,Micrograph 1119,pearlite
1119,Micrograph 1120,spheroidite
1120,Micrograph 1121,figure
1121,Micrograph 1122,indent
1122,Micrograph 1123,pearlite+widmanstatten
1123,Micrograph 1124,hole
1124,Micrograph 1125,indent
1125,Micrograph 1126,pearlite
1126,Micrograph 1127,spheroidite
1127,Micrograph 1128,network
1128,Micrograph 1129,spheroidite+widmanstatten
1129,Micrograph 1130,None
1130,Micrograph 1131,sample
1131,Micrograph 1132,None
1132,Micrograph 1133,quality
1133,Micrograph 1134,network
1134,Micrograph 1135,None
1135,Micrograph 1136,spheroidite
1136,Micrograph 1137,None
1137,Micrograph 1138,spheroidite
1138,Micrograph 1139,spheroidite
1139,Micrograph 1140,spheroidite
1140,Micrograph 1141,None
1141,Micrograph 1142,network
1142,Micrograph 1143,hole
1143,Micrograph 1144,pearlite
1144,Micrograph 1145,spheroidite
1145,Micrograph 1146,spheroidite
1146,Micrograph 1147,hole
1147,Micrograph 1148,None
1148,Micrograph 1149,None
1149,Micrograph 1150,spheroidite
1150,Micrograph 1151,quality
1151,Micrograph 1152,pearlite
1152,Micrograph 1153,sample
1153,Micrograph 1154,None
1154,Micrograph 1155,pearlite
1155,Micrograph 1156,spheroidite+widmanstatten
1156,Micrograph 1157,pearlite
1157,Micrograph 1158,hole
1158,Micrograph 1159,spheroidite
1159,Micrograph 1160,indent
1160,Micrograph 1161,spheroidite
1161,Micrograph 1162,network
1162,Micrograph 1163,spheroidite
1163,Micrograph 1164,spheroidite
1164,Micrograph 1165,pearlite
1165,Micrograph 1166,crack
1166,Micrograph 1167,spheroidite
1167,Micrograph 1168,pearlite+spheroidite
1168,Micrograph 1169,sample
1169,Micrograph 1170,None
1170,Micrograph 1171,None
1171,Micrograph 1172,quality
1172,Micrograph 1173,spheroidite
1173,Micrograph 1174,martensite
1174,Micrograph 1175,hole
1175,Micrograph 1176,spheroidite
1176,Micrograph 1177,martensite
1177,Micrograph 1178,None
1178,Micrograph 1179,indent
1179,Micrograph 1180,spheroidite
1180,Micrograph 1181,None
1181,Micrograph 1182,network
1182,Micrograph 1183,spheroidite
1183,Micrograph 1184,None
1184,Micrograph 1185,spheroidite
1185,Micrograph 1186,spheroidite
1186,Micrograph 1187,indent
1187,Micrograph 1188,spheroidite
1188,Micrograph 1189,spheroidite
1189,Micrograph 1190,quality
1190,Micrograph 1191,None
1191,Micrograph 1192,spheroidite
1192,Micrograph 1193,spheroidite
1193,Micrograph 1194,quality
1194,Micrograph 1195,spheroidite
1195,Micrograph 1196,spheroidite
1196,Micrograph 1197,spheroidite
1197,Micrograph 1198,network
1198,Micrograph 1199,spheroidite
1199,Micrograph 1200,spheroidite
1200,Micrograph 1201,spheroidite
1201,Micrograph 1202,spheroidite
1202,Micrograph 1203,hole
1203,Micrograph 1204,pearlite+widmanstatten
1204,Micrograph 1205,spheroidite
1205,Micrograph 1206,pearlite+spheroidite
1206,Micrograph 1207,spheroidite
1207,Micrograph 1208,crack
1208,Micrograph 1209,None
1209,Micrograph 1210,network
1210,Micrograph 1211,sample
1211,Micrograph 1212,None
1212,Micrograph 1213,pearlite
1213,Micrograph 1214,pearlite+widmanstatten
1214,Micrograph 1215,pearlite+widmanstatten
1215,Micrograph 1216,pearlite
1216,Micrograph 1217,network
1217,Micrograph 1218,spheroidite+widmanstatten
1218,Micrograph 1219,spheroidite+widmanstatten
1219,Micrograph 1220,quality
1220,Micrograph 1221,quality
1221,Micrograph 1222,quality
1222,Micrograph 1223,spheroidite
1223,Micrograph 1224,None
1224,Micrograph 1225,None
1225,Micrograph 1226,pearlite+spheroidite
1226,Micrograph 1227,pearlite+spheroidite
1227,Micrograph 1228,network
1228,Micrograph 1229,None
1229,Micrograph 1230,None
1230,Micrograph 1231,None
1231,Micrograph 1232,spheroidite
1232,Micrograph 1233,indent
1233,Micrograph 1234,spheroidite
1234,Micrograph 1235,crack
1235,Micrograph 1236,quality
1236,Micrograph 1237,None
1237,Micrograph 1238,network
1238,Micrograph 1239,spheroidite
1239,Micrograph 1240,network
1240,Micrograph 1241,pearlite+spheroidite
1241,Micrograph 1242,quality
1242,Micrograph 1243,pearlite+spheroidite
1243,Micrograph 1244,None
1244,Micrograph 1245,None
1245,Micrograph 1246,None
1246,Micrograph 1247,pearlite+spheroidite
1247,Micrograph 1248,spheroidite
1248,Micrograph 1249,spheroidite
1249,Micrograph 1250,quality
1250,Micrograph 1251,indent
1251,Micrograph 1252,spheroidite+widmanstatten
1252,Micrograph 1253,hole
1253,Micrograph 1254,network
1254,Micrograph 1255,pearlite+widmanstatten
1255,Micrograph 1256,spheroidite
1256,Micrograph 1257,spheroidite
1257,Micrograph 1258,None
1258,Micrograph 1259,network
1259,Micrograph 1260,pearlite
1260,Micrograph 1261,spheroidite+widmanstatten
1261,Micrograph 1262,spheroidite
1262,Micrograph 1263,quality
1263,Micrograph 1264,quality
1264,Micrograph 1265,spheroidite
1265,Micrograph 1266,network
1266,Micrograph 1267,pearlite+widmanstatten
1267,Micrograph 1268,pearlite+spheroidite
1268,Micrograph 1269,None
1269,Micrograph 1270,indent
1270,Micrograph 1271,pearlite+spheroidite
1271,Micrograph 1272,network
1272,Micrograph 1273,spheroidite
1273,Micrograph 1274,network
1274,Micrograph 1275,hole
1275,Micrograph 1276,None
1276,Micrograph 1277,None
1277,Micrograph 1278,crack
1278,Micrograph 1279,pearlite
1279,Micrograph 1280,spheroidite
1280,Micrograph 1281,martensite
1281,Micrograph 1282,indent
1282,Micrograph 1283,network
1283,Micrograph 1284,spheroidite
1284,Micrograph 1285,spheroidite
1285,Micrograph 1286,sample
1286,Micrograph 1287,pearlite+widmanstatten
1287,Micrograph 1288,spheroidite
1288,Micrograph 1289,spheroidite
1289,Micrograph 1290,None
1290,Micrograph 1291,network
1291,Micrograph 1292,indent
1292,Micrograph 1293,quality
1293,Micrograph 1294,pearlite
1294,Micrograph 1295,spheroidite
1295,Micrograph 1296,hole
1296,Micrograph 1297,quality
1297,Micrograph 1298,spheroidite+widmanstatten
1298,Micrograph 1299,sample
1299,Micrograph 1300,pearlite
1300,Micrograph 1301,quality
1301,Micrograph 1302,network
1302,Micrograph 1303,pearlite+spheroidite
1303,Micrograph 1304,spheroidite
1304,Micrograph 1305,network
1305,Micrograph 1306,spheroidite
1306,Micrograph 1307,crack
1307,Micrograph 1308,hole
1308,Micrograph 1309,network
1309,Micrograph 1310,sample
1310,Micrograph 1311,spheroidite+widmanstatten
1311,Micrograph 1312,crack
1312,Micrograph 1313,quality
1313,Micrograph 1314,crack
1314,Micrograph 1315,indent
1315,Micrograph 1316,martensite
1316,Micrograph 1317,quality
1317,Micrograph 1318,spheroidite
1318,Micrograph 1319,quality
1319,Micrograph 1320,None
1320,Micrograph 1321,network
1321,Micrograph 1322,spheroidite
1322,Micrograph 1323,None
1323,Micrograph 1324,network
1324,Micrograph 1325,None
1325,Micrograph 1326,pearlite
1326,Micrograph 1327,spheroidite
1327,Micrograph 1328,None
1328,Micrograph 1329,spheroidite
1329,Micrograph 1330,spheroidite
1330,Micrograph 1331,spheroidite+widmanstatten
1331,Micrograph 1332,pearlite
1332,Micrograph 1333,pearlite
1333,Micrograph 1334,sample
1334,Micrograph 1335,crack
1335,Micrograph 1336,hole
1336,Micrograph 1337,spheroidite
1337,Micrograph 1338,pearlite
1338,Micrograph 1339,spheroidite
1339,Micrograph 1340,quality
1340,Micrograph 1341,quality
1341,Micrograph 1342,sample
1342,Micrograph 1343,quality
1343,Micrograph 1344,network
1344,Micrograph 1345,None
1345,Micrograph 1346,crack
1346,Micrograph 1347,network
1347,Micrograph 1348,spheroidite
1348,Micrograph 1349,spheroidite
1349,Micrograph 1350,quality
1350,Micrograph 1351,network
1351,Micrograph 1352,indent
1352,Micrograph 1353,quality
1353,Micrograph 1354,None
1354,Micrograph 1355,hole
1355,Micrograph 1356,spheroidite
1356,Micrograph 1357,pearlite+spheroidite
1357,Micrograph 1358,pearlite
1358,Micrograph 1359,spheroidite
1359,Micrograph 1360,sample
1360,Micrograph 1361,spheroidite
1361,Micrograph 1362,crack
1362,Micrograph 1363,hole
1363,Micrograph 1364,pearlite
1364,Micrograph 1365,indent
1365,Micrograph 1366,pearlite+spheroidite
1366,Micrograph 1367,spheroidite+widmanstatten
1367,Micrograph 1368,spheroidite
1368,Micrograph 1369,sample
1369,Micrograph 1370,pearlite+widmanstatten
1370,Micrograph 1371,network
1371,Micrograph 1372,spheroidite
1372,Micrograph 1373,indent
1373,Micrograph 1374,network
1374,Micrograph 1375,quality
1375,Micrograph 1376,pearlite
1376,Micrograph 1377,sample
1377,Micrograph 1378,pearlite
1378,Micrograph 1379,spheroidite
1379,Micrograph 1380,hole
1380,Micrograph 1381,None
1381,Micrograph 1382,indent
1382,Micrograph 1383,crack
1383,Micrograph 1384,pearlite
1384,Micrograph 1385,spheroidite
1385,Micrograph 1386,indent
1386,Micrograph 1387,None
1387,Micrograph 1388,spheroidite
1388,Micrograph 1389,spheroidite
1389,Micrograph 1390,pearlite+spheroidite
1390,Micrograph 1391,spheroidite
1391,Micrograph 1392,spheroidite
1392,Micrograph 1393,pearlite
1393,Micrograph 1394,network
1394,Micrograph 1395,pearlite+widmanstatten
1395,Micrograph 1396,martensite
1396,Micrograph 1397,pearlite
1397,Micrograph 1398,pearlite+spheroidite
1398,Micrograph 1399,network
1399,Micrograph 1400,pearlite
1400,Micrograph 1401,sample
1401,Micrograph 1402,None
1402,Micrograph 1403,crack
1403,Micrograph 1404,spheroidite
1404,Micrograph 1405,network
1405,Micrograph 1406,pearlite
1406,Micrograph 1407,spheroidite
1407,Micrograph 1408,network
1408,Micrograph 1409,network
1409,Micrograph 1410,quality
1410,Micrograph 1411,spheroidite
1411,Micrograph 1412,network
1412,Micrograph 1413,hole
1413,Micrograph 1414,pearlite+spheroidite
1414,Micrograph 1415,spheroidite+widmanstatten
1415,Micrograph 1416,None
1416,Micrograph 1417,pearlite+widmanstatten
1417,Micrograph 1418,hole
1418,Micrograph 1419,sample
1419,Micrograph 1420,network
1420,Micrograph 1421,quality
1421,Micrograph 1422,spheroidite
1422,Micrograph 1423,spheroidite
1423,Micrograph 1424,martensite
1424,Micrograph 1425,None
1425,Micrograph 1426,spheroidite
1426,Micrograph 1427,spheroidite
1427,Micrograph 1428,None
1428,Micrograph 1429,None
1429,Micrograph 1430,None
1430,Micrograph 1431,spheroidite+widmanstatten
1431,Micrograph 1432,pearlite+spheroidite
1432,Micrograph 1433,pearlite+spheroidite
1433,Micrograph 1434,None
1434,Micrograph 1435,spheroidite+widmanstatten
1435,Micrograph 1436,network
1436,Micrograph 1437,None
1437,Micrograph 1438,None
1438,Micrograph 1439,sample
1439,Micrograph 1440,spheroidite
1440,Micrograph 1441,pearlite+spheroidite
1441,Micrograph 1442,crack
1442,Micrograph 1443,crack
1443,Micrograph 1444,network
1444,Micrograph 1445,hole
1445,Micrograph 1446,network
1446,Micrograph 1447,spheroidite
1447,Micrograph 1448,sample
1448,Micrograph 1449,martensite
1449,Micrograph 1450,pearlite+spheroidite
1450,Micrograph 1451,network
1451,Micrograph 1452,pearlite
1452,Micrograph 1453,hole
1453,Micrograph 1454,network
1454,Micrograph 1455,pearlite+spheroidite
1455,Micrograph 1456,spheroidite
1456,Micrograph 1457,spheroidite
1457,Micrograph 1458,pearlite+spheroidite
1458,Micrograph 1459,None
1459,Micrograph 1460,None
1460,Micrograph 1461,quality
1461,Micrograph 1462,crack
1462,Micrograph 1463,None
1463,Micrograph 1464,crack
1464,Micrograph 1465,indent
1465,Micrograph 1466,spheroidite
1466,Micrograph 1467,pearlite
1467,Micrograph 1468,network
1468,Micrograph 1469,spheroidite
1469,Micrograph 1470,hole
1470,Micrograph 1471,sample
1471,Micrograph 1472,quality
1472,Micrograph 1473,pearlite
1473,Micrograph 1474,spheroidite
1474,Micrograph 1475,indent
1475,Micrograph 1476,sample
1476,Micrograph 1477,indent
1477,Micrograph 1478,quality
1478,Micrograph 1479,network
1479,Micrograph 1480,quality
1480,Micrograph 1481,None
1481,Micrograph 1482,spheroidite
1482,Micrograph 1483,spheroidite
1483,Micrograph 1484,crack
1484,Micrograph 1485,network
1485,Micrograph 1486,quality
1486,Micrograph 1487,network
1487,Micrograph 1488,crack
1488,Micrograph 1489,pearlite+spheroidite
1489,Micrograph 1490,network
1490,Micrograph 1491,crack
1491,Micrograph 1492,spheroidite+widmanstatten
1492,Micrograph 1493,crack
1493,Micrograph 1494,sample
1494,Micrograph 1495,sample
1495,Micrograph 1496,sample
1496,Micrograph 1497,pearlite
1497,Micrograph 1498,sample
1498,Micrograph 1499,quality
1499,Micrograph 1500,spheroidite+widmanstatten
1500,Micrograph 1501,pearlite
1501,Micrograph 1502,pearlite+spheroidite
1502,Micrograph 1503,pearlite+spheroidite
1503,Micrograph 1504,network
1504,Micrograph 1505,crack
1505,Micrograph 1506,spheroidite
1506,Micrograph 1507,spheroidite
1507,Micrograph 1508,sample
1508,Micrograph 1509,pearlite
1509,Micrograph 1510,network
1510,Micrograph 1511,crack
1511,Micrograph 1512,None
1512,Micrograph 1513,pearlite+spheroidite
1513,Micrograph 1514,pearlite+spheroidite
1514,Micrograph 1515,spheroidite
1515,Micrograph 1516,spheroidite
1516,Micrograph 1517,spheroidite
1517,Micrograph 1518,spheroidite
1518,Micrograph 1519,network
1519,Micrograph 1520,spheroidite
1520,Micrograph 1521,spheroidite
1521,Micrograph 1522,spheroidite
1522,Micrograph 1523,None
1523,Micrograph 1524,spheroidite
1524,Micrograph 1525,pearlite+spheroidite
1525,Micrograph 1526,pearlite+spheroidite
1526,Micrograph 1527,pearlite+spheroidite
1527,Micrograph 1528,spheroidite+widmanstatten
1528,Micrograph 1529,None
1529,Micrograph 1530,None
1530,Micrograph 1531,martensite
1531,Micrograph 1532,pearlite+spheroidite
1532,Micrograph 1533,sample
1533,Micrograph 1534,sample
1534,Micrograph 1535,None
1535,Micrograph 1536,spheroidite
1536,Micrograph 1537,quality
1537,Micrograph 1538,spheroidite
1538,Micrograph 1539,network
1539,Micrograph 1540,pearlite
1540,Micrograph 1541,hole
1541,Micrograph 1542,pearlite
1542,Micrograph 1543,spheroidite
1543,Micrograph 1544,pearlite
1544,Micrograph 1545,quality
1545,Micrograph 1546,quality
1546,Micrograph 1547,quality
1547,Micrograph 1548,sample
1548,Micrograph 1549,spheroidite+widmanstatten
1549,Micrograph 1550,quality
1550,Micrograph 1551,spheroidite+widmanstatten
1551,Micrograph 1552,martensite
1552,Micrograph 1553,crack
1553,Micrograph 1554,pearlite
1554,Micrograph 1555,spheroidite
1555,Micrograph 1556,spheroidite
1556,Micrograph 1557,None
1557,Micrograph 1558,network
1558,Micrograph 1559,quality
1559,Micrograph 1560,spheroidite+widmanstatten
1560,Micrograph 1561,network
1561,Micrograph 1562,spheroidite
1562,Micrograph 1563,None
1563,Micrograph 1564,None
1564,Micrograph 1565,network
1565,Micrograph 1566,indent
1566,Micrograph 1567,None
1567,Micrograph 1568,crack
1568,Micrograph 1569,spheroidite
1569,Micrograph 1570,pearlite+spheroidite
1570,Micrograph 1571,spheroidite
1571,Micrograph 1572,spheroidite
1572,Micrograph 1573,spheroidite+widmanstatten
1573,Micrograph 1574,pearlite+spheroidite
1574,Micrograph 1575,network
1575,Micrograph 1576,crack
1576,Micrograph 1577,crack
1577,Micrograph 1578,None
1578,Micrograph 1579,spheroidite
1579,Micrograph 1580,spheroidite
1580,Micrograph 1581,spheroidite
1581,Micrograph 1582,pearlite+spheroidite
1582,Micrograph 1583,network
1583,Micrograph 1584,network
1584,Micrograph 1585,indent
1585,Micrograph 1586,spheroidite+widmanstatten
1586,Micrograph 1587,pearlite
1587,Micrograph 1588,pearlite
1588,Micrograph 1589,pearlite
1589,Micrograph 1590,None
1590,Micrograph 1591,sample
1591,Micrograph 1592,None
1592,Micrograph 1593,network
1593,Micrograph 1594,None
1594,Micrograph 1595,pearlite+spheroidite
1595,Micrograph 1596,quality
1596,Micrograph 1597,pearlite
1597,Micrograph 1598,None
1598,Micrograph 1599,martensite
1599,Micrograph 1600,None
1600,Micrograph 1601,spheroidite+widmanstatten
1601,Micrograph 1602,crack
1602,Micrograph 1603,network
1603,Micrograph 1604,indent
1604,Micrograph 1605,pearlite
1605,Micrograph 1606,sample
1606,Micrograph 1607,spheroidite
1607,Micrograph 1608,spheroidite
1608,Micrograph 1609,crack
1609,Micrograph 1610,spheroidite+widmanstatten
1610,Micrograph 1611,spheroidite
1611,Micrograph 1612,crack
1612,Micrograph 1613,spheroidite
1613,Micrograph 1614,None
1614,Micrograph 1615,network
1615,Micrograph 1616,crack
1616,Micrograph 1617,None
1617,Micrograph 1618,None
1618,Micrograph 1619,None
1619,Micrograph 1620,hole
1620,Micrograph 1621,sample
1621,Micrograph 1622,quality
1622,Micrograph 1623,spheroidite
1623,Micrograph 1624,spheroidite
1624,Micrograph 1625,network
1625,Micrograph 1626,spheroidite
1626,Micrograph 1627,network
1627,Micrograph 1628,hole
1628,Micrograph 1629,indent
1629,Micrograph 1630,None
1630,Micrograph 1631,indent
1631,Micrograph 1632,quality
1632,Micrograph 1633,spheroidite
1633,Micrograph 1634,spheroidite
1634,Micrograph 1635,pearlite+spheroidite
1635,Micrograph 1636,indent
1636,Micrograph 1637,spheroidite
1637,Micrograph 1638,pearlite
1638,Micrograph 1639,pearlite
1639,Micrograph 1640,spheroidite
1640,Micrograph 1641,indent
1641,Micrograph 1642,pearlite
1642,Micrograph 1643,pearlite+spheroidite
1643,Micrograph 1644,pearlite+spheroidite
1644,Micrograph 1645,spheroidite
1645,Micrograph 1646,quality
1646,Micrograph 1647,indent
1647,Micrograph 1648,spheroidite
1648,Micrograph 1649,sample
1649,Micrograph 1650,crack
1650,Micrograph 1651,spheroidite
1651,Micrograph 1652,sample
1652,Micrograph 1653,None
1653,Micrograph 1654,pearlite
1654,Micrograph 1655,pearlite
1655,Micrograph 1656,pearlite+spheroidite
1656,Micrograph 1657,pearlite+spheroidite
1657,Micrograph 1658,None
1658,Micrograph 1659,None
1659,Micrograph 1660,crack
1660,Micrograph 1661,network
1661,Micrograph 1662,pearlite+spheroidite
1662,Micrograph 1663,indent
1663,Micrograph 1664,None
1664,Micrograph 1665,None
1665,Micrograph 1666,network
1666,Micrograph 1667,spheroidite
1667,Micrograph 1668,pearlite+spheroidite
1668,Micrograph 1669,hole
1669,Micrograph 1670,quality
1670,Micrograph 1671,pearlite
1671,Micrograph 1672,spheroidite
1672,Micrograph 1673,sample
1673,Micrograph 1674,None
1674,Micrograph 1675,spheroidite+widmanstatten
1675,Micrograph 1676,spheroidite
1676,Micrograph 1677,spheroidite
1677,Micrograph 1678,crack
1678,Micrograph 1679,quality
1679,Micrograph 1680,crack
1680,Micrograph 1681,hole
1681,Micrograph 1682,spheroidite
1682,Micrograph 1683,network
1683,Micrograph 1684,pearlite+widmanstatten
1684,Micrograph 1685,quality
1685,Micrograph 1686,spheroidite
1686,Micrograph 1687,hole
1687,Micrograph 1688,indent
1688,Micrograph 1689,spheroidite
1689,Micrograph 1690,quality
1690,Micrograph 1691,None
1691,Micrograph 1692,quality
1692,Micrograph 1693,spheroidite
1693,Micrograph 1694,spheroidite
1694,Micrograph 1695,quality
1695,Micrograph 1696,pearlite
1696,Micrograph 1697,martensite
1697,Micrograph 1698,pearlite
1698,Micrograph 1699,hole
1699,Micrograph 1700,martensite
1700,Micrograph 1701,quality
1701,Micrograph 1702,network
1702,Micrograph 1703,spheroidite
1703,Micrograph 1704,hole
1704,Micrograph 1705,quality
1705,Micrograph 1706,crack
1706,Micrograph 1707,spheroidite
1707,Micrograph 1708,quality
1708,Micrograph 1709,quality
1709,Micrograph 1710,network
1710,Micrograph 1711,None
1711,Micrograph 1712,spheroidite
1712,Micrograph 1713,hole
1713,Micrograph 1714,crack
1714,Micrograph 1715,None
1715,Micrograph 1716,spheroidite
1716,Micrograph 1717,hole
1717,Micrograph 1718,network
1718,Micrograph 1719,network
1719,Micrograph 1720,spheroidite
1720,Micrograph 1721,pearlite
1721,Micrograph 1722,spheroidite
1722,Micrograph 1723,martensite
1723,Micrograph 1724,indent
1724,Micrograph 1725,None
1725,Micrograph 1726,spheroidite+widmanstatten
1726,Micrograph 1727,crack
1727,Micrograph 1728,None
1728,Micrograph 1729,indent
1729,Micrograph 1730,spheroidite
1730,Micrograph 1731,pearlite
